metabolito,bacteria,p_perm,en_VIP,coeficiente
Glycolic.acid,Parabacteroides_distasonis,0.027,TRUE,0.1564325106546327
Glycolic.acid,Faecalibacterium_prausnitzii,0.038,TRUE,-0.16188366626291986
Mannitol..peak.1.,Clostridium_innocuum,0.003,TRUE,0.2553578621823951
Mannitol..peak.1.,Bifidobacterium_breve,0.01,TRUE,-0.21915782944222195
Mannitol..peak.1.,Clostridium_perfringens,0.01,FALSE,0.20335386633851504
Mannitol..peak.1.,Anaerostipes_caccae,0.015,TRUE,-0.16867019326940919
Mannitol..peak.1.,Faecalibacterium_prausnitzii,0.027,TRUE,0.17515170493662732
Mannitol..peak.1.,Veillonella_dispar,0.04,FALSE,0.13109070503229586
Melibiose..peak.1.,Anaerostipes_caccae,0.002,TRUE,-0.182612158054274
Melibiose..peak.1.,Bifidobacterium_breve,0.003,TRUE,-0.22804007895807155
Melibiose..peak.1.,Clostridium_bolteae,0.017,TRUE,0.194919463452954
Melibiose..peak.1.,Parabacteroides_distasonis,0.023,TRUE,0.1553522655113745
Melibiose..peak.1.,Clostridium_perfringens,0.037,FALSE,0.1453473322498485
Methionine,Parabacteroides_distasonis,0.011,TRUE,0.20702375147687413
X4.Hydroxycyclohexylcarboxylic.acid,Parabacteroides_distasonis,0.012,TRUE,0.19028504917834824
X4.Hydroxycyclohexylcarboxylic.acid,Clostridium_bolteae,0.024,TRUE,0.193358149669479
X4.Hydroxycyclohexylcarboxylic.acid,Eggerthella_lenta,0.043,TRUE,0.16933610171031335
